{
  "config_name": "random_config",
  "max_speed": 512.0,
  "min_speed": 2.0,
  "full_step_speed": 12.300000190734863,
  "overcurrent_threshold": 4.0,
  "step_mode": "A",
  "working_mode": "Voltage mode",
  "current_hold_torque_mv": 5.0,
  "current_running_torque_mv": 6.0,
  "current_acceleration_torque_mv": 7.0,
  "current_deceleration_torque_mv": 8.0,
  "current_min_on_time_us": 1.0,
  "current_min_off_time_us": 1.0,
  "voltage_hold_perc": 0.4000000059604645,
  "voltage_run_perc": 0.4000000059604645,
  "voltage_acc_perc": 0.4000000059604645,
  "voltage_dec_perc": 0.5,
  "voltage_min_on_time_us": 0.8999999761581421,
  "voltage_min_off_time_us": 0.8999999761581421,
  "bemf_start_slope": 0.10000000149011612,
  "bemf_final_acc_slope": 0.10000000149011612,
  "bemf_final_dec_slope": 0.10000000149011612,
  "thermal_compensation": 0.10000000149011612,
  "stall_threshold": 100.0
}